gene,k,meta_logFC,meta_SE,meta_z,meta_pvalue,tau2,I2,QEp,direction_consistency,studies,meta_FDR
RASGRP1,4,-1.0014226413238374,0.1179469643359813,-8.49044862630975,2.0584093463923878e-17,0,0,8.535603594370944e-4,1,GSE164416;GSE20966;GSE25724;GSE38642,3.937737079648638e-13
ACLY,4,-0.4225780277962223,0.0610554032043324,-6.921222457281828,4.477626926464435e-12,0,0,2.1808773611767406e-4,1,GSE164416;GSE20966;GSE25724;GSE38642,4.282850155163232e-8
PPP1R1A,4,-0.9357708097530612,0.13704858882432158,-6.828022220298797,8.609325414122369e-12,0,0,1.0791207691644663e-5,1,GSE164416;GSE20966;GSE25724;GSE38642,5.489879839072031e-8
CAPN13,3,-0.9039204976869903,0.13819281059356364,-6.5410095778824155,6.110491762587185e-11,2.8322789244446535e-7,3.705036886272739e-4,0.2475119917477174,1,GSE164416;GSE20966;GSE38642,2.9223426854573215e-7
MICB,3,0.8720146446632,0.14102799684966572,6.18327328007614,6.278588327388877e-10,0,0,0.04553565576439734,1,GSE164416;GSE20966;GSE25724,2.0018232450491537e-6
ABHD10,4,-0.47210115721671964,0.0769836394017128,-6.132486861958048,8.651585577139146e-10,3.6271993571212984e-6,0.012070388604705296,0.02459563686248543,1,GSE164416;GSE20966;GSE25724;GSE38642,2.364354744152455e-6
ENTPD3,4,-0.8139015140972565,0.13678980612342664,-5.950015846669642,2.681165289555222e-9,0,0,3.041344671676632e-4,1,GSE164416;GSE20966;GSE25724;GSE38642,6.411336498648925e-6
MTPAP,3,-0.6413337358794167,0.10845536358029924,-5.91334273112809,3.3523360719588544e-9,0,0,0.7126994180527139,1,GSE164416;GSE20966;GSE25724,7.1255765618414315e-6
MPP1,4,-0.4162324162372792,0.07080708722893682,-5.878400489650095,4.142497110119433e-9,0.0022928327488100446,9.318812830069986,0.21122252805555014,1,GSE164416;GSE20966;GSE25724;GSE38642,7.924596971658475e-6
EDARADD,3,-0.5601117593278379,0.09838560907819727,-5.693025276518427,1.2480790152740436e-8,5.820414472072225e-6,0.013708235344816026,0.4916980066840634,1,GSE164416;GSE20966;GSE38642,1.836596274014804e-5
PDLIM4,4,0.38704053952450923,0.06780646846902781,5.7080179555627355,1.142993649453701e-8,0,0,5.278049720569771e-4,1,GSE164416;GSE20966;GSE25724;GSE38642,1.836596274014804e-5
MOCS2,4,-0.30961691512127365,0.05669813633709975,-5.460795276945982,4.7400639931061894e-8,1.0723936996643546e-6,0.005369644406822533,0.513205140689953,1,GSE164416;GSE20966;GSE25724;GSE38642,6.4769588705801e-5
SLIT2,4,0.573243429757423,0.10592676859265811,5.411695621168558,6.243074268863985e-8,0,0,0.5704107780245776,0.75,GSE164416;GSE20966;GSE25724;GSE38642,7.96200071755787e-5
SH3GL2,4,-0.4367186504736619,0.08158475010499923,-5.352944636241538,8.653433180855926e-8,0,0,0.029987011149084343,1,GSE164416;GSE20966;GSE25724;GSE38642,1.0346261046860867e-4
CCL22,4,0.4957505006237185,0.09330840680878516,5.313031457493953,1.0781641716390995e-7,2.5773928934312266e-6,0.004393028988701253,0.3373481399712974,0.75,GSE164416;GSE20966;GSE25724;GSE38642,1.2132518002032925e-4
NSG1,4,-0.5907490394283106,0.11243386063434634,-5.254191540656288,1.4867609161444687e-7,0.009181133391034829,16.764361352877817,0.5364556029256909,1,GSE164416;GSE20966;GSE25724;GSE38642,1.2928061966292585e-4
TGFBR3,4,-0.5882271337065434,0.11135910268192915,-5.28225461179114,1.2760368893364618e-7,5.976937069713181e-7,9.197641880856021e-4,0.07070775361019757,1,GSE164416;GSE20966;GSE25724;GSE38642,1.2928061966292585e-4
CORO7,3,0.5391275543076425,0.10235678611750859,5.267140311427014,1.38565299063435e-7,0,0,0.8620194353616681,1,GSE164416;GSE20966;GSE25724,1.2928061966292585e-4
PRPS1,4,-0.3705961942035706,0.07035225795270489,-5.267722813569226,1.3812645909338641e-7,0,0,4.4222548557562505e-7,1,GSE164416;GSE20966;GSE25724;GSE38642,1.2928061966292585e-4
FFAR4,3,-0.7806500322346763,0.15105205022047474,-5.168086305980249,2.3650309896914685e-7,0,0,0.8573573458090334,1,GSE164416;GSE20966;GSE38642,1.6756682530665848e-4
NPEPL1,3,0.5864505512969107,0.11341047923773864,5.171043762786274,2.3279003661025575e-7,0,0,0.7625788021562897,1,GSE164416;GSE20966;GSE25724,1.6756682530665848e-4
RCBTB1,4,-0.37452537184941626,0.07257820656505104,-5.160300723519991,2.465534777804568e-7,3.346597820122439e-6,0.011108320662390696,0.030856929109580093,1,GSE164416;GSE20966;GSE25724;GSE38642,1.684488582121478e-4
ANO5,3,-0.5044290425372506,0.09809035354382131,-5.1424938774626785,2.711152801165312e-7,3.916652452268312e-7,9.666844718581515e-4,0.1699751942547555,1,GSE164416;GSE20966;GSE38642,1.788425968492842e-4
COA3,4,-0.35811082127453153,0.07034854723024704,-5.0905219137284234,3.5707930036829037e-7,0,0,3.2542695295791176e-7,1,GSE164416;GSE20966;GSE25724;GSE38642,2.2035248438856113e-4
PLA1A,4,-0.5582621923244164,0.11067589917192795,-5.0441170706658705,4.556202913375214e-7,0,0,1.2660500818223998e-5,1,GSE164416;GSE20966;GSE25724;GSE38642,2.645349794380645e-4
CD86,4,0.4525015541327648,0.08971409120218876,5.043818067698657,4.563332107399962e-7,0,0,0.6283458016683086,0.75,GSE164416;GSE20966;GSE25724;GSE38642,2.645349794380645e-4
CYP2D6,3,0.6482017714534895,0.12933086825981163,5.011964894191561,5.387703483606177e-7,0,0,0.5665878087940018,1,GSE164416;GSE20966;GSE25724,3.031375518864299e-4
LTB4R,3,0.5824909340487023,0.11662588182998074,4.994525442455971,5.898061613376172e-7,1.8323818706599396e-7,2.916499415838976e-4,0.11864100079408214,1,GSE164416;GSE20966;GSE25724,3.1341644073301715e-4
NECTIN3,4,-0.5925970055188094,0.11978951948612734,-4.946985412922015,7.53716222505196e-7,0.011982210840931266,18.421444838034777,0.25692310814134106,1,GSE164416;GSE20966;GSE25724;GSE38642,3.8014272247237363e-4
NDUFA5,4,-0.30808784561386676,0.06233517320126607,-4.942439874501051,7.715090248776306e-7,0,0,0.006752930219686668,1,GSE164416;GSE20966;GSE25724;GSE38642,3.8014272247237363e-4
PLCXD3,3,-0.5712364846076045,0.1157813997331564,-4.933750031733457,8.066566391865203e-7,0,0,0.7844141001226534,1,GSE164416;GSE20966;GSE38642,3.8578353769095334e-4
PPM1K,3,-0.429135207030894,0.08748831607832608,-4.905057340990539,9.340004995258523e-7,0,0,0.0037792803577799865,1,GSE164416;GSE20966;GSE38642,4.254149894268942e-4
TGFB3,4,0.5448463998977314,0.11154680930866007,4.884464228735511,1.037104679468373e-6,0,0,0.005375991606448634,1,GSE164416;GSE20966;GSE25724;GSE38642,4.528371836019747e-4
GRAMD3,3,-0.49627046707014133,0.1016193550052495,-4.88362150147976,1.0415491938571295e-6,0,0,0.007092831193286831,1,GSE20966;GSE25724;GSE38642,4.528371836019747e-4
ASB9,4,-0.7223833714870848,0.14861769715272757,-4.860682040744614,1.1698201473998073e-6,0,0,1.7164301936870336e-6,1,GSE164416;GSE20966;GSE25724;GSE38642,4.5670733509710847e-4
GNG7,4,-0.3758071084914383,0.07725797860611407,-4.864314537756979,1.148541435273971e-6,0,0,6.0067862191730335e-6,0.75,GSE164416;GSE20966;GSE25724;GSE38642,4.5670733509710847e-4
LMBRD1,4,-0.3197918228523517,0.06579092685771593,-4.860728342434754,1.1695465465772657e-6,0,0,1.3998570081562986e-6,1,GSE164416;GSE20966;GSE25724;GSE38642,4.5670733509710847e-4
SLC17A5,4,-0.2910475290877282,0.059866704758470085,-4.861592604135274,1.164450833188876e-6,3.445319856178257e-6,0.01686180771690433,0.07713547487700635,1,GSE164416;GSE20966;GSE25724;GSE38642,4.5670733509710847e-4
ZFAND6,4,-0.25432744469599017,0.05229604239171373,-4.863225457693299,1.1548817245290366e-6,0,0,9.366862029292165e-5,1,GSE164416;GSE20966;GSE25724;GSE38642,4.5670733509710847e-4
PDE8B,4,-0.5000451362448562,0.10328368599940929,-4.8414726043735135,1.2888044605841816e-6,0,0,0.5937941774735106,1,GSE164416;GSE20966;GSE25724;GSE38642,4.930965866195079e-4
ADAM28,4,0.6636584114743069,0.13739504887019935,4.830293499886464,1.3633194038968217e-6,0,0,0.6254574962758123,1,GSE164416;GSE20966;GSE25724;GSE38642,5.057300064211242e-4
FBXO7,4,-0.32240469369502295,0.06676927595189051,-4.828638458313166,1.3746973514844988e-6,0.004394051685233314,24.048753092680016,0.038672496386284165,1,GSE164416;GSE20966;GSE25724;GSE38642,5.057300064211242e-4
PEBP1,4,-0.29076990809982095,0.06037810817275664,-4.81581680677799,1.4659897231443513e-6,2.5244321499312725e-7,0.0011661524170629683,0.048179712242338385,0.75,GSE164416;GSE20966;GSE25724;GSE38642,5.291393095047441e-4
MRPS33,4,-0.29852851477577735,0.06207148498928247,-4.809430849404079,1.513606455768594e-6,0,0,0.26136021646399094,1,GSE164416;GSE20966;GSE25724;GSE38642,5.362091018306149e-4
CCR7,4,0.4271578315815679,0.08929225551322684,4.783817242899561,1.7199708067001424e-6,0,0,0.06831260634080814,1,GSE164416;GSE20966;GSE25724;GSE38642,5.875543130745307e-4
CFH,4,0.777473347092239,0.16291572853307704,4.772242398525612,1.8218604942494515e-6,0,0,0.6276402197937763,1,GSE164416;GSE20966;GSE25724;GSE38642,5.973487685854968e-4
PDPN,4,0.38473521888728934,0.08065739060760808,4.7699933755481405,1.8423197776552174e-6,0,0,0.48909652344265186,0.75,GSE164416;GSE20966;GSE25724;GSE38642,5.973487685854968e-4
KIF3B,4,-0.19826920194676778,0.041733967961185975,-4.75078722759276,2.0262625390687627e-6,1.6517485475700928e-6,0.016387307909086164,0.2108008236709069,0.75,GSE164416;GSE20966;GSE25724;GSE38642,6.354492192194332e-4
THBS2,4,0.6799635534673707,0.14436341415614715,4.710082242387983,2.4761685234309055e-6,2.7917490765796556e-6,0.002781728769922221,0.18817559105423864,1,GSE164416;GSE20966;GSE25724;GSE38642,7.518905373529083e-4
RASD2,3,0.5546666130766393,0.11800140883505947,4.70050839691197,2.5951458410957563e-6,0,0,0.007708937196015871,1,GSE164416;GSE20966;GSE38642,7.757053115650285e-4
AGTPBP1,4,-0.26931315844964515,0.05826319189466288,-4.622355035689612,3.794079376701204e-6,0,0,0.014316303240802877,1,GSE164416;GSE20966;GSE25724;GSE38642,0.0010518947605260003
PTGES,4,0.4800925151892708,0.10437016419796066,4.599901886507251,4.2268997629461476e-6,2.6035321387553654e-7,4.076240725834959e-4,0.01708172918485366,1,GSE164416;GSE20966;GSE25724;GSE38642,0.0011551513209308543
PFKFB2,4,-0.7981120969371516,0.17456246785723914,-4.572071572623873,4.829259150354486e-6,0.04850313264846593,42.97397087129915,0.012867312937025902,1,GSE164416;GSE20966;GSE25724;GSE38642,0.00127812284887955
DOCK5,4,0.5262468649126248,0.11536581128793222,4.561549553005853,5.077748903023827e-6,1.3347409568100244e-7,2.0609099822868838e-4,0.3089801087590445,1,GSE164416;GSE20966;GSE25724;GSE38642,0.00127812284887955
INPP5F,4,-0.4198454545948993,0.09191447050023564,-4.567784074802704,4.929074061536022e-6,0,0,0.05087889049955074,1,GSE164416;GSE20966;GSE25724;GSE38642,0.00127812284887955
FST,4,0.4070947672137554,0.08923013748050138,4.562301243822627,5.059598226865722e-6,0,0,0.8511103076278477,1,GSE164416;GSE20966;GSE25724;GSE38642,0.00127812284887955
HACD3,4,-0.30002941966329916,0.06573289115083401,-4.564372788271803,5.009898729051496e-6,4.468022826381622e-6,0.02117654775787401,0.3078926789748461,1,GSE164416;GSE20966;GSE25724;GSE38642,0.00127812284887955
TUBGCP5,4,-0.259628208826041,0.05738676623857683,-4.524182591970348,6.062936619671213e-6,0,0,0.5967992247913996,1,GSE164416;GSE20966;GSE25724;GSE38642,0.0014702856945687285
SRD5A1,4,-0.37634529267363215,0.08331182014707926,-4.517309692781043,6.263027295624134e-6,5.640775728503142e-7,8.842640708599807e-4,0.06396686334618593,1,GSE164416;GSE20966;GSE25724;GSE38642,0.0014791569403122184
MOXD1,4,0.3825283036739966,0.08476867839534488,4.512613749738528,6.403357226321549e-6,3.277932806994766e-6,0.0066712543337068605,0.05385549002827443,1,GSE164416;GSE20966;GSE25724;GSE38642,0.0014879720362178345
PKIB,3,-0.3637399052984919,0.080636125492469915,-4.510880242286184,6.455916309779418e-6,2.174690876128634e-6,0.007568610876446462,0.3493473020768234,1,GSE164416;GSE20966;GSE38642,0.0014879720362178345
MTUS2,4,-0.4577972508724281,0.10194024032430052,-4.4908394311809205,7.094301958752018e-6,0,0,9.309139429080799e-5,1,GSE164416;GSE20966;GSE25724;GSE38642,0.0015118052421180229
MCCC1,4,-0.3606846683521106,0.08028951119319995,-4.492301210854283,7.045767521816348e-6,0.001147058697279267,3.300679573799386,0.19808639532320674,1,GSE164416;GSE20966;GSE25724;GSE38642,0.0015118052421180229
SCN7A,4,0.3239835348850996,0.07202403126668805,4.498269941118191,6.8508676924920635e-6,0,0,0.5178712829768771,1,GSE164416;GSE20966;GSE25724;GSE38642,0.0015118052421180229
TMEM38B,4,-0.3239598680694988,0.07205057519528592,-4.496284272421668,6.9151270534177734e-6,0,0,9.25772318416948e-5,1,GSE164416;GSE20966;GSE25724;GSE38642,0.0015118052421180229
COG6,3,-0.29504397170904606,0.06570706072915955,-4.490293256689705,7.1125181281036105e-6,1.1258099489267357e-6,0.00609964784895724,0.2992739029912843,1,GSE164416;GSE20966;GSE38642,0.0015118052421180229
UBL3,4,-0.2767890597311241,0.061482109385111255,-4.501944752698293,6.733448681105214e-6,0,0,2.6077120992814152e-6,1,GSE164416;GSE20966;GSE25724;GSE38642,0.0015118052421180229
SVIL,4,0.38800078181951225,0.08664993958485062,4.477796334059396,7.54174992548963e-6,1.8014031536279666e-6,0.005293937146955806,0.05138080158317973,1,GSE164416;GSE20966;GSE25724;GSE38642,0.0015854250118089738
ZNF91,4,-0.35317280143926316,0.0790811680413866,-4.465953275430031,7.9713007281287e-6,1.889541208746955e-6,0.004953504828226871,0.18810956099278633,1,GSE164416;GSE20966;GSE25724;GSE38642,0.0016575106840119784
DACH2,3,-0.42576748514971396,0.09545031119760161,-4.460619141076329,8.172321121393818e-6,2.0020291913572698e-6,0.005417377108567644,0.07777061581611927,1,GSE164416;GSE20966;GSE38642,0.0016781172640360869
RASSF2,4,0.35992911658441074,0.08072513569683795,4.458699430820645,8.245845416591332e-6,0,0,0.42627285207558974,1,GSE164416;GSE20966;GSE25724;GSE38642,0.0016781172640360869
MAGEH1,4,-0.32824060586815007,0.07394178806929162,-4.439175930673361,9.030397753955225e-6,3.342256162237353e-6,0.011106307153524838,0.07602364944285928,1,GSE164416;GSE20966;GSE25724;GSE38642,0.0017994948857621195
PDE4DIP,3,-0.33732694298428334,0.07605846339489222,-4.435100683442638,9.202926760154356e-6,0,0,0.9574179945554907,1,GSE164416;GSE20966;GSE25724,0.001810634629848125
TRIM37,4,-0.2744809088937141,0.061942548007977855,-4.43121759954664,9.370247169626993e-6,0,0,3.3916656926608353e-6,1,GSE164416;GSE20966;GSE25724;GSE38642,0.001810634629848125
OXCT1,4,-0.34704112937145004,0.07870041670250952,-4.409647927065982,1.035388124208963e-5,3.235622967623307e-6,0.009422160995495598,0.5028469012543273,1,GSE164416;GSE20966;GSE25724;GSE38642,0.001980697481611746
ARL1,4,-0.2530077574452463,0.05740875894617051,-4.407128147160955,1.047502199268339e-5,0,0,5.066956689710252e-5,1,GSE164416;GSE20966;GSE25724;GSE38642,0.001984031393267656
CFAP36,3,-0.2135345910044256,0.048520233297477504,-4.400939082366839,1.0778338402260416e-5,3.965898557914939e-6,0.04028242564124477,0.43209972500655525,1,GSE164416;GSE20966;GSE38642,0.0020214668003455077
TTC7B,3,-0.45314850601755163,0.10369926312566095,-4.369833423680496,1.2434135049139675e-5,0.006051449853557041,16.321643842883073,0.24351069731861688,1,GSE164416;GSE20966;GSE38642,0.002182247738440752
CTNNA2,4,-0.429363520542988,0.09814865017544942,-4.374624814253305,1.2164150838808145e-5,0,0,0.014210682471048668,1,GSE164416;GSE20966;GSE25724;GSE38642,0.002182247738440752
TMEM237,3,-0.2895115808531112,0.06652906614141614,-4.351655564166749,1.3511340379159945e-5,3.149961030311873e-6,0.017494089396601218,0.2852486760095671,1,GSE164416;GSE20966;GSE38642,0.002328576049129097
KBTBD7,3,-0.2961233790819259,0.06813726496830118,-4.345982763172082,1.386534577736205e-5,0,0,0.8145432635652317,1,GSE164416;GSE20966;GSE38642,0.0023682505778655
SIPA1,3,0.5951819790609854,0.13727274702986955,4.335762137341639,1.4525595328309955e-5,0,0,0.7682661596319401,1,GSE164416;GSE20966;GSE25724,0.002417749470390092
ELAC1,4,-0.2605753418543323,0.06007134170433504,-4.337764638866521,1.4393917137187517e-5,1.4405923273139285e-8,7.546612538468923e-5,0.4042936615031589,1,GSE164416;GSE20966;GSE25724;GSE38642,0.002417749470390092
ZCRB1,3,-0.239933671518531,0.05533997418619096,-4.3356303476267595,1.4534301573176194e-5,3.1589547608358953e-6,0.025670973101580893,0.08693506701270376,1,GSE164416;GSE20966;GSE38642,0.002417749470390092
MED27,3,-0.4331971347880071,0.10005232327370582,-4.329705904009259,1.4930860810366243e-5,3.376057093451846e-7,6.987148702377865e-4,0.3071379784478299,1,GSE164416;GSE20966;GSE25724,0.002462304890537123
DSP,4,-0.2806745462496669,0.06500800856756832,-4.317537983922983,1.5777926279086556e-5,6.75650279417612e-4,2.873936939543627,0.0753381723913452,1,GSE164416;GSE20966;GSE25724;GSE38642,0.002571102815400447
DIXDC1,4,-0.2368167250304225,0.05486439646230752,-4.316400804538484,1.585939007931274e-5,0,0,0.002918826890788378,1,GSE164416;GSE20966;GSE25724;GSE38642,0.002571102815400447
MST1R,4,0.4034860328231984,0.0938283367027515,4.3002577579675485,1.7059956439214422e-5,0,0,0.846939312006379,1,GSE164416;GSE20966;GSE25724;GSE38642,0.0026914309069070055
CASD1,4,-0.2676614303055098,0.06226269522795647,-4.298905296751876,1.716437901948012e-5,0,0,0.033275632359726685,1,GSE164416;GSE20966;GSE25724;GSE38642,0.0026914309069070055
TAB2,4,-0.22365983336907638,0.05199896078485112,-4.301236601525224,1.6984758539257348e-5,0,0,0.18745773412808436,1,GSE164416;GSE20966;GSE25724;GSE38642,0.0026914309069070055
FPR3,4,0.5813554040711566,0.13549829594479412,4.290499744055951,1.7827149145722754e-5,0,0,0.4410490575240374,1,GSE164416;GSE20966;GSE25724;GSE38642,0.0027726289687615958
SLC16A9,3,-0.560138765871366,0.1306893179912626,-4.2860332770947265,1.8189175327233968e-5,3.6733961119407167e-6,0.005040654815658161,0.3169332643414389,1,GSE164416;GSE20966;GSE38642,0.002783671392079886
PRELP,4,0.4085503685122984,0.09531547673961088,4.286296228978672,1.81676693502456e-5,0,0,0.7070236697079368,1,GSE164416;GSE20966;GSE25724;GSE38642,0.002783671392079886
FAM47E-STBD1,3,-0.5570399227867586,0.1303087729144124,-4.274769152746345,1.9133543720033374e-5,0,0,0.5181644130884294,1,GSE164416;GSE25724;GSE38642,0.0028595679012831127
LYVE1,4,0.5205607408811063,0.12172410980195965,4.276562315617162,1.8980144498692103e-5,0,0,0.8663232307245335,1,GSE164416;GSE20966;GSE25724;GSE38642,0.0028595679012831127
TRAPPC13,4,-0.24920368037656537,0.05889034942217021,-4.231655658724088,2.3197736670905888e-5,0,0,0.0943007077637162,1,GSE164416;GSE20966;GSE25724;GSE38642,0.003387577881789539
RRAGB,4,-0.269773812442044,0.06396377834831143,-4.217602827853676,2.469132319176639e-5,4.720587166850049e-6,0.024945800395083217,0.6982543789421979,1,GSE164416;GSE20966;GSE25724;GSE38642,0.003551466260590158
MYCBP2,4,-0.20246650390398807,0.04813168656373679,-4.206511725615068,2.5934263350030103e-5,7.467449362800606e-7,0.004174220471162511,0.011247168194359202,1,GSE164416;GSE20966;GSE25724;GSE38642,0.003679092332559666
SLC6A20,4,0.5378191335610703,0.12806929107746798,4.199438671334162,2.6757748960763303e-5,0.010515898836431035,12.97405011063714,0.5000775700723721,1,GSE164416;GSE20966;GSE25724;GSE38642,0.003736126029553934
NLRP1,3,0.3706979235346311,0.08848020400518389,4.1896142499051265,2.794290662333402e-5,0,0,0.004546066742412338,1,GSE164416;GSE20966;GSE25724,0.0038181985978884268
PAPSS2,4,-0.3660628487697511,0.08750183300050614,-4.183487776394737,2.870705322660885e-5,0,0,0.023975482261367583,1,GSE164416;GSE20966;GSE25724;GSE38642,0.003894793817198775
SERPINB9,4,0.4361852983194773,0.10432553375749247,4.181002316589166,2.9022690697342132e-5,1.68104258800245e-6,0.0021824550964993084,0.1326631896478696,1,GSE164416;GSE20966;GSE25724;GSE38642,0.003909887838310951
ALDH1A2,4,0.46168935719174037,0.11067621944149648,4.171531694175637,3.025589628615398e-5,0.0013802854096524972,2.0134804336321146,0.2131119235409903,1,GSE164416;GSE20966;GSE25724;GSE38642,0.004047519552126753
CISD1,4,-0.20472921358175658,0.04912180490325521,-4.167786871532271,3.075713064310866e-5,0,0,0.6309347806032257,1,GSE164416;GSE20966;GSE25724;GSE38642,0.0040859993694629775
RCAN2,4,-0.33532676044262755,0.08062933250931545,-4.1588681191660095,3.19828479268754e-5,0,0,1.4517396900825425e-6,1,GSE164416;GSE20966;GSE25724;GSE38642,0.004219530212697424
NXPE3,4,-0.2561701241619683,0.0618412513685922,-4.142382608578187,3.4371631019543394e-5,3.81630340260266e-6,0.021927870266331934,0.425087458447237,1,GSE164416;GSE20966;GSE25724;GSE38642,0.004503625352081268
CRYL1,4,-0.2788885878133308,0.06737155110252656,-4.139560144443104,3.4797236538245316e-5,0,0,0.37763718305600497,1,GSE164416;GSE20966;GSE25724;GSE38642,0.004528375067868251
PPM1E,4,-0.48014198416297615,0.11604153754148351,-4.13767340846661,3.5084527505639374e-5,0,0,5.297352512810442e-6,1,GSE164416;GSE20966;GSE25724;GSE38642,0.0045349122377221695
CPED1,4,0.3510071832798272,0.08570179239939298,4.095680772276513,4.20929622144638e-5,0,0,0.7532566479920971,1,GSE164416;GSE20966;GSE25724;GSE38642,0.005297620836596661
EPM2AIP1,4,-0.2194293242935541,0.05379223012999395,-4.079201099550672,4.519073259352031e-5,7.84373089587416e-6,0.040913252565599995,0.0850456721508555,1,GSE164416;GSE20966;GSE25724;GSE38642,0.005613628016324958
SLC16A7,4,0.5094289574794455,0.12512547920315814,4.071344707118513,4.674251928400223e-5,0,0,0.6864502772946103,1,GSE164416;GSE20966;GSE25724;GSE38642,0.005695441999381929
SH2D4A,4,0.43677997013424874,0.1072475960738876,4.072631798976005,4.6484879760104845e-5,1.6633434114787289e-6,0.002862286598352016,0.21323278535347423,1,GSE164416;GSE20966;GSE25724;GSE38642,0.005695441999381929
RAB9B,3,-0.3265359393540674,0.08045512262322936,-4.058609678382225,4.936574671533198e-5,1.313811646815337e-6,0.004819423362749121,0.24129127731385552,1,GSE164416;GSE20966;GSE38642,0.005977004649774056
NEFL,4,0.31009380038810436,0.07654819571364609,4.050961586973429,5.100758155964682e-5,0,0,3.6926685725567304e-05,1,GSE164416;GSE20966;GSE25724;GSE38642,0.0061369499071449295
NT5DC1,3,-0.22941687215699536,0.056746809085711655,-4.042815373292249,5.281320603122191e-5,0.0017332965749746842,14.0260658408369,0.3603958881614299,1,GSE164416;GSE20966;GSE38642,0.00631447894610797
TBC1D2B,3,0.506521885588208,0.12543141611202246,4.038237797904112,5.385424500676046e-5,0,0,0.8711778857736064,1,GSE164416;GSE20966;GSE25724,0.0063594549813538745
MOB4,3,-0.4690296435462882,0.11622013736373672,-4.035700302765568,5.443967182274093e-5,5.384640011875739e-7,4.4174612458186107e-4,0.05154385998334016,1,GSE164416;GSE20966;GSE25724,0.006389146760546221
NCOA3,4,-0.21973398341946646,0.05456280560870011,-4.027175306843635,5.645094364696242e-5,2.0690385027011444e-6,0.011598073694949269,0.6006893977162925,1,GSE164416;GSE20966;GSE25724;GSE38642,0.006505461156424043
MBIP,4,-0.1953992777715845,0.048511558955498565,-4.027891124893171,5.6279393030505955e-5,0,0,0.5905240649462383,1,GSE164416;GSE20966;GSE25724;GSE38642,0.006505461156424043
TCTA,4,-0.28256456553428766,0.0702349664808624,-4.023132346924103,5.74292031454812e-5,0,0,0.37682509998894825,1,GSE164416;GSE20966;GSE25724;GSE38642,0.006578566803431469
NSL1,4,-0.2254797848046885,0.05620440162069567,-4.01178160967489,6.026223541623257e-5,0,0,0.21942124009340017,1,GSE164416;GSE20966;GSE25724;GSE38642,0.006862003354241244
TCEAL8,3,-0.24644007040542046,0.06146055713267602,-4.009727244636357,6.078892594139783e-5,6.893711207630037e-6,0.04332709855360035,0.2619701964513244,1,GSE164416;GSE20966;GSE38642,0.006881018658336926
FBXO33,3,-0.2276295061678716,0.056962424826492754,-3.9961344142428956,6.438518604521793e-5,0,0,0.6469173483450605,1,GSE164416;GSE20966;GSE38642,0.007245227112029524
LYPLAL1,3,-0.3103739061696885,0.07772966434710103,-3.9929917204288565,6.524484749223363e-5,0,0,0.6222825432825037,1,GSE164416;GSE20966;GSE38642,0.007299028845183797
RELN,4,0.6042022133864969,0.15146448517757502,3.9890685442078255,6.633325358689426e-5,0,0,0.7212181189327813,0.75,GSE164416;GSE20966;GSE25724;GSE38642,0.007335000815706862
AIG1,3,-0.2841562091331889,0.07126196574387778,-3.9874876614332124,6.67766760930237e-5,1.2313960598766215e-6,0.005344359556446061,0.27574659722862377,1,GSE164416;GSE20966;GSE38642,0.007341596630227261
PCDHGA10,3,0.43667058499302225,0.10966411968276144,3.9818911258872243,6.836909839015626e-5,0,0,0.5961095785935702,1,GSE164416;GSE20966;GSE25724,0.007473719155449653
PPM1L,3,-0.3111395490119262,0.07823040006592137,-3.977220476307706,6.972551094007202e-5,2.4252415443846377e-6,0.00928211323027859,0.30381920135451784,1,GSE164416;GSE20966;GSE38642,0.00753587019369253
SNTB1,4,0.3106820946178141,0.07816603054699178,3.9746433641790024,7.048479459385995e-5,2.8021533547874154e-6,0.007894255518691105,0.4550968541678911,1,GSE164416;GSE20966;GSE25724;GSE38642,0.007575135508879442
TMPRSS4,4,0.5556459896265464,0.13998692286794162,3.969270687882195,7.20929479770229e-5,3.9327432749560066e-8,3.1245099481301164e-5,0.6786696793268658,0.75,GSE164416;GSE20966;GSE25724;GSE38642,0.007682967912544365
TNFRSF10A,3,0.5506873294526733,0.13898680037721559,3.9621556000863856,7.427610540648098e-5,0,0,0.9711375118214064,1,GSE164416;GSE20966;GSE38642,0.007722292915358593
C1QTNF3,3,0.4047050283270629,0.10211210848984727,3.963340237630111,7.39083303879968e-5,0,0,0.9627012353216684,1,GSE164416;GSE20966;GSE25724,0.007722292915358593
CIPC,3,-0.22244212668519378,0.05610971386661199,-3.964413848446974,7.357651230756059e-5,0,0,0.6443918758506658,1,GSE164416;GSE20966;GSE38642,0.007722292915358593
ABCA3,4,-0.3201629273366768,0.08090852713548706,-3.957097461439896,7.586598295825885e-5,0,0,0.8126295059485338,1,GSE164416;GSE20966;GSE25724;GSE38642,0.007844952724278334
C7ORF25,4,-0.23121813038688582,0.05853071611468731,-3.9503724836345455,7.802966194440415e-5,0,0,0.8389000911756597,1,GSE164416;GSE20966;GSE25724;GSE38642,0.008025308779550813
BRAP,4,-0.20374604659847734,0.05174949227715638,-3.937160301153647,8.24515307590053e-5,0,0,0.3255609986535748,1,GSE164416;GSE20966;GSE25724;GSE38642,0.008389881826700911
FECH,4,-0.22228708631339586,0.05679434724350087,-3.913894552927233,9.081930852175572e-5,2.144896977078818e-6,0.012346144235372964,0.033189694301683226,1,GSE164416;GSE20966;GSE25724;GSE38642,0.009144070379058879
UFSP2,4,-0.2501437963444564,0.06400943495185374,-3.9079207078239038,9.309384600301485e-5,0,0,4.4634306857121894e-4,1,GSE164416;GSE20966;GSE25724;GSE38642,0.009275444135612886
TMPRSS3,4,0.6846931923785764,0.17567133885954705,3.8975805434374418,9.715851320244206e-5,0.026275290478809925,18.35209726729987,0.518272091761142,1,GSE164416;GSE20966;GSE25724;GSE38642,0.009531499269552393
ADAMTS9,4,0.6304533579730699,0.16191682945827532,3.893686407289322,9.873226848973856e-5,2.431590532689175e-6,0.0017774710787023102,0.47416094249778445,1,GSE164416;GSE20966;GSE25724;GSE38642,0.009552150769171918
WDR7,4,-0.24406682650809092,0.06268803652471291,-3.8933557348199086,9.886700743837113e-5,5.339549249593024e-6,0.0234075359680966,0.044358322354245534,1,GSE164416;GSE20966;GSE25724;GSE38642,0.009552150769171918
SIPA1L2,3,-0.3519100432034871,0.09075863524598882,-3.877427665694656,1.055666991063357e-4,6.30014661245485e-7,0.0017179888237153144,0.047906156265101515,1,GSE164416;GSE20966;GSE38642,0.01009745476952101
SMOC2,3,0.5737859837516962,0.1484760647687144,3.8645015588573135,1.1131627915965309e-4,1.964371831521881e-6,9.947293458941906e-4,0.5029912797107293,1,GSE164416;GSE20966;GSE38642,0.010541982278832494
SLC15A1,4,0.4508256597238922,0.11663368983426138,3.865312504170311,1.1094705211669526e-4,0,0,0.9881368863394343,0.75,GSE164416;GSE20966;GSE25724;GSE38642,0.010541982278832494
CASR,4,-0.42233393671130437,0.10985504479999121,-3.8444655635089973,1.2081544848338541e-4,0,0,0.0023064218313654634,1,GSE164416;GSE20966;GSE25724;GSE38642,0.011219415191685256
NLK,4,-0.2016940841286968,0.05244651979043687,-3.8457095901618588,1.2020406507215588e-4,0,0,0.0034578798979552775,0.75,GSE164416;GSE20966;GSE25724;GSE38642,0.011219415191685256
NPTX2,4,-0.5365071298725604,0.13967190782031352,-3.841195686700087,1.224364574336692e-4,0,0,0.588853826333711,1,GSE164416;GSE20966;GSE25724;GSE38642,0.011283263613549695
OSBPL3,4,0.3312281993558665,0.08624156245924632,3.8407026717818256,1.226826362581462e-4,0,0,0.09956089915215491,0.75,GSE164416;GSE20966;GSE25724;GSE38642,0.011283263613549695
WASL,4,-0.19352079371114572,0.05045662340712123,-3.8353893035940456,1.2536556099886778e-4,0,0,0.005489848150329773,0.75,GSE164416;GSE20966;GSE25724;GSE38642,0.011366956494175212
SOCS6,4,-0.1994758547520023,0.05204068313248735,-3.8330752546842692,1.265512181314625e-4,0,0,1.1576083140771835e-5,1,GSE164416;GSE20966;GSE25724;GSE38642,0.011419456617239988
PRR36,3,0.5296815916474498,0.13870241787463589,3.818834593973658,1.3408362721892332e-4,0,0,0.522359987677124,1,GSE164416;GSE20966;GSE25724,0.012042346425812221
TBXAS1,4,0.2923676494079111,0.07660100700261069,3.8167598684172224,1.3521565146107348e-4,0,0,0.9078581618179291,1,GSE164416;GSE20966;GSE25724;GSE38642,0.012087268282478204
SH2D2A,4,0.3665680286988951,0.09619227701580682,3.8107844004842377,1.3852654313446517e-4,0.006185259227900682,12.10666754512428,0.333004917146933,1,GSE164416;GSE20966;GSE25724;GSE38642,0.012253701693690534
SEPT9,3,0.3357475826252241,0.08808195642725954,3.811763455804862,1.379788867048433e-4,0,0,0.006062496954620423,1,GSE20966;GSE25724;GSE38642,0.012253701693690534
SCAMP1,4,-0.2846076757195195,0.0747013050715741,-3.8099424828900417,1.389991253283244e-4,7.772910698655867e-6,0.023627647979302762,0.05393388745290207,1,GSE164416;GSE20966;GSE25724;GSE38642,0.012253701693690534
CLCN4,4,-0.3401733581723041,0.089428269323586565,-3.8038682929379233,1.4245394060906502e-4,0,0,0.2198554256788768,1,GSE164416;GSE20966;GSE25724;GSE38642,0.012338442577960978
CNP,4,-0.2690952189686973,0.07072227775657328,-3.804956903324374,1.41828882718539e-4,0.0020081728271932153,7.879815380141892,0.578698121611138,1,GSE164416;GSE20966;GSE25724;GSE38642,0.012338442577960978
STK16,4,-0.2032270076045015,0.05342851232685677,-3.8037182536775576,1.4254029324251835e-4,0,0,0.7176472795652942,0.75,GSE164416;GSE20966;GSE25724;GSE38642,0.012338442577960978
B3GALNT2,3,0.3158016537861341,0.08314664682678805,3.798128557655673,1.4579270555603474e-4,0,0,0.018246001207679698,1,GSE164416;GSE20966;GSE38642,0.012563128185977228
MORF4L1,4,-0.16477907678531825,0.04342809585549953,-3.794296607744348,1.480625945614541e-4,0,0,3.0589703131833656e-7,1,GSE164416;GSE20966;GSE25724;GSE38642,0.012644809973038467
CPEB3,4,-0.22607746487532704,0.059681066852217496,-3.7880935579643875,1.5180768722374162e-4,0,0,0.9986400129447318,1,GSE164416;GSE20966;GSE25724;GSE38642,0.012849916179602554
HLA-DRA,4,0.6455868746115806,0.17062779235555844,3.7835974180940615,1.5457778148471386e-4,0.03298247497542852,28.56054213291596,0.27218062295901474,1,GSE164416;GSE20966;GSE25724;GSE38642,0.013026753126883596
AACS,4,-0.2675518902766547,0.07084357436628136,-3.7766571304453898,1.589472995234613e-4,4.107841915915299e-6,0.015073349240456507,0.04708477016652308,1,GSE164416;GSE20966;GSE25724;GSE38642,0.013163428085248865
PCYOX1,4,-0.2320291727973321,0.06142947570142634,-3.777163489480093,1.5862461204505456e-4,8.10478445538017e-4,4.199928905512603,0.3944713988875311,1,GSE164416;GSE20966;GSE25724;GSE38642,0.013163428085248865
LRRC8D,4,-0.20773638266420602,0.05498539315226724,-3.7780285045691326,1.5807478952658784e-4,3.4912063576516866e-6,0.022014356913108917,0.6102076828431822,1,GSE164416;GSE20966;GSE25724;GSE38642,0.013163428085248865
MIGA1,3,-0.18914917617613403,0.050274229890898796,-3.7623485548482947,1.6832523663202359e-4,0,0,0.5531286509664676,1,GSE164416;GSE20966;GSE38642,0.013879576624011255
CHMP5,4,-0.2317341538641175,0.06162588925352879,-3.760337687149043,1.696841446165378e-4,0,0,1.1323328839305295e-5,1,GSE164416;GSE20966;GSE25724;GSE38642,0.013931578053709733
ADORA3,3,0.6737808713981153,0.17936914006587615,3.756392382494885,1.723803483205885e-4,5.888743152829607e-6,0.001779637752947331,0.1931910361496368,1,GSE164416;GSE20966;GSE25724,0.0139898175565244
MCOLN3,4,-0.3243220812496651,0.08646690380963022,-3.7508233435038743,1.7625485115119492e-4,0,0,3.833806775358789e-4,1,GSE164416;GSE20966;GSE25724;GSE38642,0.01422681562245721
SKA2,3,-0.23803586214453384,0.06357264886462982,-3.744312473928876,1.8088841996701543e-4,0,0,0.6649308362263898,1,GSE164416;GSE20966;GSE38642,0.014539476781382375
SDS,4,0.3569938317378314,0.095713779593481,3.729806024316127,1.9162723814169873e-4,5.617622962762717e-6,0.010781525422261446,0.15795692233199315,1,GSE164416;GSE20966;GSE25724;GSE38642,0.015274287773544568
PI15,4,0.4074370583651812,0.10961343122147246,3.717035894460416,2.0157381393329357e-4,4.4509476212348495e-7,4.7646893779028794e-4,0.09584348264117458,1,GSE164416;GSE20966;GSE25724;GSE38642,0.01597484392191584
CH25H,4,0.3431394484039343,0.09233128905242663,3.716393997370667,2.0208636848424643e-4,0,0,4.4419733873784037e-4,1,GSE164416;GSE20966;GSE25724;GSE38642,0.01597484392191584
TMED6,3,-0.7717932526184379,0.20773287357209402,-3.715315921582271,2.0294996750114914e-4,0,0,0.004530241961632181,1,GSE164416;GSE20966;GSE38642,0.01597709003414396
TAGLN3,4,-0.4945838806014489,0.13319251526269357,-3.713300853475052,2.0457345349822361e-4,0.020331558957707593,28.975976296962028,0.0947970274033105,1,GSE164416;GSE20966;GSE25724;GSE38642,0.01603889412057794
PVR,4,0.217329959097053,0.058584064093137905,3.7097112066438114,2.0749579769620022e-4,0,0,0.7835393585471861,1,GSE164416;GSE20966;GSE25724;GSE38642,0.01614601643869837
LYRM2,4,-0.21561949055602794,0.05812550865276802,-3.709550170891448,2.076278120188081e-4,8.020958826629259e-6,0.04836360364532897,0.3738362243358771,1,GSE164416;GSE20966;GSE25724;GSE38642,0.01614601643869837
CLCN3,4,-0.19926614964528888,0.05373974386528734,-3.707984729975665,2.0891525072768387e-4,0,0,8.577952007814813e-6,1,GSE164416;GSE20966;GSE25724;GSE38642,0.016180359297249362
TAF7,4,-0.16142603116238344,0.04360280728032558,-3.702193533654012,2.1374347069807735e-4,0,0,0.03748486604972694,1,GSE164416;GSE20966;GSE25724;GSE38642,0.016487550784089595
JKAMP,3,-0.19480078208401358,0.05280634338895048,-3.68896555948191,2.25167694042295e-4,0,0,6.366176022993288e-4,1,GSE164416;GSE20966;GSE38642,0.01709308725011549
SLC19A3,4,0.49295325556256137,0.13388147386438082,3.6820124647112333,2.3140009406512972e-4,0,0,0.5911781637291333,1,GSE164416;GSE20966;GSE25724;GSE38642,0.017324432607638957
TEAD4,4,0.2938327325011813,0.0798126485328931,3.6815309089772197,2.3183767629668444e-4,0,0,0.002533490083075669,1,GSE164416;GSE20966;GSE25724;GSE38642,0.017324432607638957
PTPN4,4,-0.19955541384212105,0.05424306832425973,-3.678910872983778,2.3423210021471718e-4,3.8692730883210517e-7,0.0022921079340551486,0.23633174951341113,1,GSE164416;GSE20966;GSE25724;GSE38642,0.017435253218317275
CYP19A1,4,0.3191360479932925,0.08688423923445379,3.673117826722475,2.3960893005256945e-4,0,0,0.9240597004473577,1,GSE164416;GSE20966;GSE25724;GSE38642,0.017697756107743837
MCUB,4,-0.3213667913470958,0.08755036895964131,-3.67065033723888,2.4193412054438593e-4,6.065856281624218e-6,0.011903182954169566,0.579324731992934,1,GSE164416;GSE20966;GSE25724;GSE38642,0.01780076817697732
SERPING1,4,0.5833203034203568,0.1595398614803379,3.6562668289156477,2.559149755485457e-4,0,0,4.3185307074378906e-5,1,GSE164416;GSE20966;GSE25724;GSE38642,0.018614652023740224
ATL1,3,-0.26986614859952207,0.0738737629397559,-3.6530716435765984,2.591218945534959e-4,0,0,0.6282543570193483,1,GSE164416;GSE20966;GSE38642,0.018776522131849913
PRRX1,4,0.34498826660192167,0.09490911563751596,3.634932896430379,2.7805299982586e-4,1.1489013188205801e-7,1.658264205708952e-4,0.05723497145081978,1,GSE164416;GSE20966;GSE25724;GSE38642,0.02007227881761774
SEMA3C,4,0.3827965737550574,0.10541410376151787,3.6313601320471487,2.8193144075738883e-4,1.1167481085263737e-7,1.7168355958756918e-4,0.1296151035729299,1,GSE164416;GSE20966;GSE25724;GSE38642,0.02019980697261741
MYOT,4,0.2013370937438128,0.05544396912496438,3.6313614793706774,2.8192996865241874e-4,5.949040836441922e-9,3.3229800034896875e-5,0.047671776606931754,1,GSE164416;GSE20966;GSE25724;GSE38642,0.02019980697261741
TMSB10,4,0.3173829706220901,0.08749572670898613,3.6274111040613106,2.862772905655723e-4,0,0,9.459022756849098e-5,1,GSE164416;GSE20966;GSE25724;GSE38642,0.02043464391238581
KLF6,4,0.3894099844301838,0.10759116130629014,3.6193492077068754,2.95344855049099e-4,3.4463391823937945e-6,0.0045637057219104354,0.5537719595571536,1,GSE164416;GSE20966;GSE25724;GSE38642,0.020550562364299977
MGAT4A,4,-0.3058350857744895,0.08451494445943084,-3.618710131452521,2.9607504159125656e-4,0.006910320079684438,23.25442308548279,0.1097458696296441,1,GSE164416;GSE20966;GSE25724;GSE38642,0.020550562364299977
RNF125,4,0.2653468356841581,0.07329712863464734,3.620153212369215,2.944286227729431e-4,1.0019801671293716e-6,0.003298967054688307,0.23587885702709085,1,GSE164416;GSE20966;GSE25724;GSE38642,0.020550562364299977
CLIP4,4,-0.25509260932766537,0.07042529794916698,-3.622172951427076,2.921386881319064e-4,0,0,0.724991678890684,1,GSE164416;GSE20966;GSE25724;GSE38642,0.020550562364299977
USF3,3,-0.2538265645737009,0.07011810004126716,-3.6199863433880033,2.94618565065546e-4,0,0,0.9497256903527883,1,GSE164416;GSE20966;GSE38642,0.020550562364299977
KATNAL1,3,-0.2651864919942453,0.07333999505767777,-3.6158509662523306,2.993625779338615e-4,2.4483080246203943e-6,0.010151343773574652,0.47645085150400435,1,GSE164416;GSE20966;GSE38642,0.02067439031001722
RBBP7,4,-0.135064981276072,0.03744794482680621,-3.606739485991471,3.100686831444354e-4,0,0,0.11314569553840258,1,GSE164416;GSE20966;GSE25724;GSE38642,0.02118433538768946
CRISP3,4,1.339536298966289,0.37207498007061107,3.600178379938572,3.179989483370857e-4,0,0,0.687275365541893,1,GSE164416;GSE20966;GSE25724;GSE38642,0.02155722551889512
TMEM108,3,-0.37397258543605494,0.10389752977509359,-3.5994367358453214,3.1890720448757553e-4,6.0374112930959995e-6,0.011466886595217237,0.2128069128959719,1,GSE164416;GSE20966;GSE38642,0.02155722551889512
WNT7A,3,0.29812950403573646,0.08279316023320103,3.6008953299524253,3.1712323615021906e-4,0.0011954019142536522,3.6216276991512744,0.49174199281643904,1,GSE20966;GSE25724;GSE38642,0.02155722551889512
ACP6,4,-0.3328377410782469,0.0925846815425892,-3.5949547542067273,3.244479584437285e-4,0.006797946979962949,17.830548182243927,0.13880401414271087,1,GSE164416;GSE20966;GSE25724;GSE38642,0.021626095627277096
COBLL1,4,-0.2009720887845824,0.055880470398664964,-3.5964637976523512,3.225724525554931e-4,2.9260193096642433e-8,1.5767532795268798e-4,0.026707462321169263,1,GSE164416;GSE20966;GSE25724;GSE38642,0.021626095627277096
RIMKLB,3,-0.2909799771072678,0.08103140819450647,-3.590952984660025,3.2947107098105785e-4,1.7089501651635219e-6,0.006216712781218155,0.1461867554773789,1,GSE164416;GSE20966;GSE38642,0.021811323114699736
CACTIN,3,0.5376747151438591,0.1498144343524099,3.588937991642927,3.32027796545591e-4,0,0,0.7054806679321614,1,GSE164416;GSE20966;GSE25724,0.021836767122133758
JAZF1,3,-0.23601057099292028,0.06576267096166868,-3.5888227704511055,3.3217455475906553e-4,0,0,0.004458063639937365,1,GSE164416;GSE20966;GSE38642,0.021836767122133758
A2M,4,0.48846338635112707,0.13624251639301935,3.585249298699495,3.367563646205426e-4,3.4304994173812007e-6,0.003371189393548591,0.5135224419561998,1,GSE164416;GSE20966;GSE25724;GSE38642,0.021986857526249078
GNG2,3,-0.35824017770502664,0.10001055908519506,-3.582023548132112,3.4094305154238756e-4,8.114644770391655e-6,0.019687901741101178,0.40999220790509006,1,GSE164416;GSE20966;GSE38642,0.02218449175512202
BEX2,3,-0.2647171458426339,0.07392034465111279,-3.5811135228337827,3.4213294630423005e-4,0,0,0.589117397137014,1,GSE164416;GSE20966;GSE38642,0.022186451738304816
PHLDA1,4,0.3550560943119292,0.0992046776070126,3.579025736250474,3.4487750761993323e-4,0,0,0.9578670000771732,1,GSE164416;GSE20966;GSE25724;GSE38642,0.022288874056653116
HLA-DPA1,3,0.9067410944643635,0.2537061605094535,3.573981383201678,3.515939390812908e-4,0,0,0.9538876598679432,1,GSE164416;GSE20966;GSE25724,0.02260964561661554
HIPK1,4,-0.16682520120276612,0.046683624119784814,-3.5735272131981834,3.5220462068747684e-4,0,0,0.0014667533696327006,1,GSE164416;GSE20966;GSE25724;GSE38642,0.02260964561661554
IL1R2,4,0.6107133344622191,0.17117675718650488,3.567735155753763,3.6008018148910525e-4,0.019476736859789456,13.883087091334984,0.24105290419619455,1,GSE164416;GSE20966;GSE25724;GSE38642,0.022613922963581147
ABCA6,4,0.34135195718174344,0.09564757747768352,3.5688510486466596,3.585501908935042e-4,0.014678779581113821,42.91526344084455,0.0908856018501393,1,GSE164416;GSE20966;GSE25724;GSE38642,0.022613922963581147
CYTH1,4,0.2942391680989943,0.08248009155595258,3.5673962352404676,3.6054607965981444e-4,0.005875571073077605,19.68085497890602,0.2738931163488087,1,GSE164416;GSE20966;GSE25724;GSE38642,0.022613922963581147
EZR,4,0.23408225050455023,0.06565611607165561,3.565277151774834,3.634718888273904e-4,4.033744291679243e-6,0.015543035317420182,0.3444752027743428,0.75,GSE164416;GSE20966;GSE25724;GSE38642,0.022722932134862674
TAB3,3,-0.189598955642517,0.053206259131276266,-3.5634708911731203,3.6598329588634484e-4,0,0,0.017681158158949793,1,GSE164416;GSE20966;GSE38642,0.02273136509839538
LMBRD2,3,-0.25473269024454226,0.07154426705990806,-3.560490598516303,3.7016256484591353e-4,2.255591154774544e-6,0.01072191064993984,0.08252285270795917,1,GSE164416;GSE20966;GSE38642,0.022908430159464144
ANAPC16,3,-0.1807927167055275,0.050788250821108376,-3.5597350525485565,3.7122913483710843e-4,0,0,0.9443428460921418,1,GSE164416;GSE20966;GSE38642,0.022908430159464144
HPGDS,4,0.31518844804197266,0.08862206155845602,3.556546107134634,3.757625563036755e-4,0,0,0.2756717879217484,1,GSE164416;GSE20966;GSE25724;GSE38642,0.02296593515044509
IER5,4,0.20335234751800735,0.05715464379520798,3.557932199641441,3.737857584215409e-4,4.393627597610913e-6,0.011827138949770201,0.14173711806481673,0.75,GSE164416;GSE20966;GSE25724;GSE38642,0.02296593515044509
APOD,4,0.9429185940275574,0.2655059763518429,3.551402522020904,3.83183901710337e-4,0.11876339642856831,46.099692966875246,0.16824159927271515,1,GSE164416;GSE20966;GSE25724;GSE38642,0.023145377374297983
MROH7,3,0.5237829184374215,0.14746049803855943,3.5520219001325875,3.822830413831535e-4,2.8052033857127907e-6,0.003189876118706,0.2508573888904464,1,GSE164416;GSE20966;GSE25724,0.023145377374297983
B3GALNT1,4,-0.30148064007542436,0.08485984218156516,-3.552689143946082,3.813147773796389e-4,0.008297710145282931,29.314344239571763,0.12136801822338172,1,GSE164416;GSE20966;GSE25724;GSE38642,0.023145377374297983
OCIAD2,3,-0.23391322555399752,0.06586953810881599,-3.5511593411748934,3.8353814049411715e-4,3.0242428165113945e-6,0.017154399777469694,0.17662674166307973,1,GSE164416;GSE20966;GSE38642,0.023145377374297983
LOC100289518,3,0.4767680344927852,0.13442654377432442,3.5466807455318086,3.901170329033472e-4,2.210027108033172e-6,6.571179743722797e-4,0.1094518725150612,1,GSE164416;GSE20966;GSE25724,0.023394792600128625
WWC2,4,0.3258477459039988,0.09227393087811422,3.531308819328561,4.135086619562352e-4,0,0,3.548813256825093e-4,1,GSE164416;GSE20966;GSE25724;GSE38642,0.02456652392305211
KLHL7,4,-0.18122999426004932,0.051313819799521695,-3.531796988961219,4.1274609216314205e-4,0,0,0.3392355641515518,1,GSE164416;GSE20966;GSE25724;GSE38642,0.02456652392305211
METTL14,3,-0.19429509963249453,0.055111903977445455,-3.5254652009847054,4.227397133695926e-4,0,0,0.6351463917994731,1,GSE164416;GSE20966;GSE38642,0.025023018311704778
IL1RL1,4,0.8368900669247482,0.23778199926689375,3.51956863641893,0.00043224917854253764,0,0,0.7249581118384605,1,GSE164416;GSE20966;GSE25724;GSE38642,0.025442851647749985
TRADD,4,0.2499621796946838,0.07122393637909595,3.5095249210074138,4.4890798873353007e-4,0,0,0.005011725342839613,1,GSE164416;GSE20966;GSE25724;GSE38642,0.026181737269733017
KIF3A,4,-0.18149915890026105,0.05173384878923556,-3.5083250743568537,4.509376746145483e-4,5.248183342264596e-7,0.002997162005434668,0.5941043369098253,1,GSE164416;GSE20966;GSE25724;GSE38642,0.02622017542667571
DCLRE1A,4,-0.21310850740363466,0.060890737659292225,-3.499850972344285,4.655183336300087e-4,0,0,0.7086724738321781,1,GSE164416;GSE20966;GSE25724;GSE38642,0.026946233770437415
MMP12,4,0.4680261652743719,0.1338997389104137,3.4953478556631628,4.7344428484655027e-4,0,0,0.018353126227105287,0.75,GSE164416;GSE20966;GSE25724;GSE38642,0.027165758810274918
SLC16A5,3,0.2656754327886256,0.07603614253606598,3.494067741043131,4.7572029280930984e-4,0,0,0.5019886910664859,1,GSE164416;GSE25724;GSE38642,0.027165758810274918
PARPBP,4,-0.20717898998357093,0.059292044836335656,-3.4942122599321523,4.754628321359903e-4,1.6698012969188888e-6,0.006763283773982326,0.416097129881642,1,GSE164416;GSE20966;GSE25724;GSE38642,0.027165758810274918
TRAPPC8,4,-0.15163098737572972,0.04339485797553482,-3.494215546487474,4.7545697864328205e-4,0,0,0.1663199642353444,1,GSE164416;GSE20966;GSE25724;GSE38642,0.027165758810274918
FAM66D,3,0.40102281313930416,0.11515011838621901,3.4826087785186153,4.965534392992379e-4,3.738154642666874e-8,1.6381205904873543e-5,0.5219308669374403,1,GSE164416;GSE20966;GSE25724,0.028271033612483395
F2RL2,4,0.4361829022233355,0.12538425157781377,3.478769436627688,5.037217741604531e-4,1.9966588400808972e-6,0.002358096035101334,0.2521806191526138,0.75,GSE164416;GSE20966;GSE25724;GSE38642,0.028594057981274384
SCOC,3,-0.3249801683586179,0.09353221100289685,-3.4745267419002075,5.117553512129225e-4,0.0071571615590995865,24.964963525391823,0.07484124783470203,1,GSE164416;GSE20966;GSE38642,0.028964141623382268
TM2D3,4,-0.17942812239828648,0.051678158264314975,-3.4720301269363536,5.165383660087456e-4,0,0,0.21452976289108946,1,GSE164416;GSE20966;GSE25724;GSE38642,0.029148610447632166
ZNF692,4,0.3200947805591069,0.09223943353636874,3.470259609008743,5.199555408520958e-4,0,0,0.002686367485959379,1,GSE164416;GSE20966;GSE25724;GSE38642,0.02918002863292918
CHCHD7,4,-0.20718726136853094,0.05970817007358078,-3.469998512987515,5.204612462816809e-4,5.089863113724134e-6,0.023442791924931223,0.4385348687743403,1,GSE164416;GSE20966;GSE25724;GSE38642,0.02918002863292918
MATN1,3,0.6025214201815091,0.17404804451702952,3.461810914644066,5.365539752934318e-4,0,0,0.8041030020277639,1,GSE164416;GSE20966;GSE25724,0.02992500742671531
IGSF11,3,-0.3642302194194299,0.10526087424029716,-3.460262153893371,5.396497344883935e-4,0.0028895685348258615,4.757258377209359,0.03194442257327304,1,GSE164416;GSE20966;GSE38642,0.03001017273477607
MYBBP1A,4,0.212105510336955,0.061372687338373304,3.4560244880190525,5.48205514919304e-4,0,0,0.8533520769714895,0.75,GSE164416;GSE20966;GSE25724;GSE38642,0.030309744220827415
MSANTD4,3,-0.2257690737084586,0.06539665653034588,-3.452303002733717,5.558231769555474e-4,0,0,0.0016656320727457827,1,GSE164416;GSE20966;GSE38642,0.03034882066655211
KIF21A,3,-0.21863529696304312,0.06331256201214847,-3.4532688303008685,5.538367667447089e-4,6.574594020062926e-7,0.00389880251965051,0.06580122641246224,1,GSE164416;GSE20966;GSE38642,0.03034882066655211
TAAR3,3,0.20409374712337727,0.05909033603561097,3.453927677791163,5.52485516222301e-4,0,0,0.9959776454788475,1,GSE20966;GSE25724;GSE38642,0.03034882066655211
TMEM117,3,-0.23029726423340194,0.06674804290903658,-3.4502474409212005,5.600729463341345e-4,0,0,0.8388291473382515,1,GSE164416;GSE20966;GSE38642,0.030438055293670434
SERPINB4,3,0.4261069877627438,0.1235772313767102,3.448102720992416,5.64539292312344e-4,8.607031982979803e-7,0.0013179726309664914,0.12443983128791035,1,GSE20966;GSE25724;GSE38642,0.030507448197556897
SH3BGRL,4,-0.2772470731806005,0.08039474057220654,-3.4485722723564365,5.635586321547236e-4,0,0,0.049056549673832536,1,GSE164416;GSE20966;GSE25724;GSE38642,0.030507448197556897
SGCB,4,-0.2209477950001807,0.06416465282197066,-3.4434503310290774,5.743420805296474e-4,1.3590942600770743e-6,0.005686620844906456,0.3295644840144986,1,GSE164416;GSE20966;GSE25724;GSE38642,0.030862820226213922
SLC12A7,4,0.38858120398386414,0.1129678731782225,3.439749665560432,5.822524738124037e-4,0.01952306632084128,40.8310356599802,0.04981905233309664,1,GSE164416;GSE20966;GSE25724;GSE38642,0.031200251607930767
ATP4A,4,0.40135215941794056,0.1168218153450239,3.4355925580558653,5.912594544241481e-4,4.338352487382787e-6,0.003462252679675465,0.2884654850806041,0.75,GSE164416;GSE20966;GSE25724;GSE38642,0.03149239650424734
VILL,4,0.3157753716989038,0.09192518275114785,3.4351345545185854,5.92259678716533e-4,0,0,0.8401616058244799,1,GSE164416;GSE20966;GSE25724;GSE38642,0.03149239650424734
ABCC8,4,-0.3470146314892498,0.1013968686990046,-3.422340708758558,6.20844637571326e-4,0,0,3.2923041026910935e-7,1,GSE164416;GSE20966;GSE25724;GSE38642,0.03253906278558758
TPI1,3,-0.3401068998293633,0.09967546942298601,-3.412142443855216,6.445442287922853e-4,0,0,0.7345454912790353,1,GSE164416;GSE20966;GSE25724,0.03340815497931319
GRB7,4,0.27560652464238045,0.0807861905283902,3.4115549061015042,6.459349098761358e-4,0,0,0.7946440058654418,1,GSE164416;GSE20966;GSE25724;GSE38642,0.03340815497931319
TGOLN2,4,-0.15674671851990268,0.04607131340827932,-3.4022628599890155,6.683032549802183e-4,1.2332572169867887e-6,0.0098960764700027435,0.09377535258318535,1,GSE164416;GSE20966;GSE25724;GSE38642,0.03445994950881827
CYBRD1,4,0.3451221892468634,0.10156034540952788,3.398198261882691,6.783124295977806e-4,0,0,0.5409339631180022,1,GSE164416;GSE20966;GSE25724;GSE38642,0.03478851683165025
IDO1,4,0.5904489467137373,0.17427053048594893,3.3881169987104847,7.037423808976985e-4,0,0,0.3936781194461248,0.75,GSE164416;GSE20966;GSE25724;GSE38642,0.035804765283438754
TPM4,4,0.32644259485920335,0.09653294669599265,3.3816702590386676,7.204657003822705e-4,0.009796716072776438,25.498045638214407,0.13142105368931264,1,GSE164416;GSE20966;GSE25724;GSE38642,0.036461663619875226
SYTL2,4,0.3551805360492068,0.10517767706539866,3.376957411108807,7.329239740359819e-4,0.0085826813083182,17.986042604245977,0.0724412819211584,1,GSE164416;GSE20966;GSE25724;GSE38642,0.03663838906584537
PNPLA4,4,-0.25311276472737054,0.07494418128383641,-3.3773504545837323,7.318773763539093e-4,3.52962022966941e-7,0.0010512876286620746,0.2969337161210398,1,GSE164416;GSE20966;GSE25724;GSE38642,0.03663838906584537
STAU2,4,-0.2149236453724258,0.06377094156552941,-3.370244191103493,7.510159939963407e-4,0,0,0.948905632255417,1,GSE164416;GSE20966;GSE25724;GSE38642,0.03741389574257812
FAM200B,3,-0.2161505202390515,0.06421591033558169,-3.3659963568138296,7.626771566356549e-4,0,0,0.9153243925930581,1,GSE164416;GSE20966;GSE38642,0.03779796374725409
OSBPL8,4,-0.19742741363749988,0.058648460204457326,-3.3662846893036633,7.618803378802029e-4,0,0,0.0050600151473273085,1,GSE164416;GSE20966;GSE25724;GSE38642,0.03779796374725409
TMC7,4,0.3352214262177723,0.0996360770491741,3.364458298095459,7.669407337666904e-4,0,0,0.843544944426126,1,GSE164416;GSE20966;GSE25724;GSE38642,0.03791104970789868
APOL1,4,0.62811704545332,0.18684101395992525,3.3617728363861388,7.744380606179227e-4,0.0433944248570343,31.430078602903567,0.11692073629235342,1,GSE164416;GSE20966;GSE25724;GSE38642,0.038084833160979076
GOSR1,4,-0.16302487317116526,0.048490119906505716,-3.362022479744227,7.737382432814201e-4,4.990874616038531e-7,0.003829101377548706,0.1240074473546387,1,GSE164416;GSE20966;GSE25724;GSE38642,0.038084833160979076
MTMR11,4,0.26871353741678294,0.07999825212692314,3.3589926063690623,7.822716035413169e-4,0,0,0.8192000785555464,1,GSE164416;GSE20966;GSE25724;GSE38642,0.038273288429016346
DLEU1,4,-0.26625971143881744,0.07934364573652611,-3.355778638190858,7.914188747416707e-4,3.3878592268941164e-6,0.010694413160249031,0.01727875922489841,1,GSE164416;GSE20966;GSE25724;GSE38642,0.0385237737247027
PDZK1,3,-0.45892976489187687,0.1370517611592466,-3.3485871397057476,8.122473382286807e-4,0,0,0.03542310641405013,1,GSE164416;GSE20966;GSE25724,0.03923811005129965
CRBN,4,-0.18546032669966306,0.055384331412111514,-3.348606401324299,8.121908784670722e-4,1.7410968170945805e-6,0.010977880266945574,0.4631439363856262,1,GSE164416;GSE20966;GSE25724;GSE38642,0.03923811005129965
BAIAP2L1,3,0.35340894071661366,0.10560859566185195,3.346403183394213,8.186726302471087e-4,5.497315881292628e-6,0.01219873524890975,0.12110614898751478,1,GSE164416;GSE20966;GSE38642,0.03934976737846028
MAGEE1,3,-0.24092402587446562,0.07203683327145194,-3.3444560918801987,8.244407867580858e-4,7.349002340502777e-6,0.03514424066791301,0.5589210194518034,1,GSE164416;GSE20966;GSE38642,0.03942888062670546
ANKRD36B,3,0.33731788872421126,0.10097040789615735,3.3407598894829125,8.354944461635176e-4,2.2196950400368467e-9,3.932834023640056e-7,0.17235782081432005,1,GSE164416;GSE20966;GSE25724,0.03975872824653754
NPAP1,4,0.21407330715804712,0.0640732883217895,3.341069465374183,8.345633972690746e-4,0,0,0.47633456017525394,1,GSE164416;GSE20966;GSE25724;GSE38642,0.03975872824653754
NCKAP5,3,-0.25560324393933676,0.07662525796563095,-3.335757043114733,8.506747188471905e-4,5.1775994669642485e-6,0.0070796558838349555,0.35425880979616947,1,GSE164416;GSE20966;GSE38642,0.04033395407934035
DCAF16,4,-0.18008668606691672,0.05409909301280031,-3.3288300420176484,8.721160619306268e-4,1.1518178867875687e-6,0.005849747347771906,0.3864383683749709,1,GSE164416;GSE20966;GSE25724;GSE38642,0.04109256222840613
ACAP1,3,0.47649682491605994,0.14336968961807087,3.323553438564468,8.887839243579899e-4,0.0018251308478959584,2.102270388458082,0.34527544087420925,1,GSE164416;GSE20966;GSE25724,0.04161264234234599
LUC7L,4,0.249660381182291,0.07515289817193908,3.3220326461809067,8.936423750368724e-4,3.533709273751109e-6,0.013070296118639498,0.1033533629799874,1,GSE164416;GSE20966;GSE25724;GSE38642,0.04161264234234599
RASSF5,3,-0.23515596112579903,0.07074560213006624,-3.323965787915174,8.874708244761527e-4,0,0,0.9072262451993509,1,GSE164416;GSE20966;GSE38642,0.04161264234234599
RBM8A,4,-0.22670351000151123,0.06824489533851304,-3.3219116078499473,8.940301099165813e-4,0,0,0.7874049122801118,1,GSE164416;GSE20966;GSE25724;GSE38642,0.04161264234234599
CCDC59,4,-0.229865857339977,0.06924088499281558,-3.3197995283253214,9.008211082250475e-4,0,0,9.49233794952126e-4,1,GSE164416;GSE20966;GSE25724;GSE38642,0.041826960680449415
TMCC3,3,-0.4123897034157578,0.12433754461718109,-3.316694926584334,9.108902055113503e-4,0.01899758160615998,44.31410414090267,0.03132637361666893,1,GSE164416;GSE20966;GSE38642,0.04188781161401954
ZNF154,4,0.22445831006352152,0.06764638696445953,3.3181123210829986,9.062803261477786e-4,4.0210546517221916e-6,0.018582450712298894,0.4009636206191893,1,GSE164416;GSE20966;GSE25724;GSE38642,0.04188781161401954
RIMKLA,3,-0.22042383521768344,0.06643545993951182,-3.3178642161637026,9.070856887350851e-4,0,0,0.6961472725975218,1,GSE164416;GSE20966;GSE38642,0.04188781161401954
MED22,4,0.17976907322677282,0.054190635089600134,3.317345754105635,9.087707875220866e-4,0,0,0.9087393467839959,0.75,GSE164416;GSE20966;GSE25724;GSE38642,0.04188781161401954
HS3ST1,4,0.2383342822943247,0.07190616936769641,3.3145178555624124,9.180131659793127e-4,0,0,0.46312446084016834,0.75,GSE164416;GSE20966;GSE25724;GSE38642,0.04211412917310372
RRM2B,3,-0.2954878686385424,0.08919695326656121,-3.3127574184679798,9.238106854447054e-4,0.0037514133567836346,12.844946655150997,0.47033030766413775,1,GSE164416;GSE20966;GSE38642,0.042278704336261276
ORC4,4,-0.17254700842121717,0.05225853223278112,-3.3017959182745784,9.606794001119609e-4,0,0,0.001614040724423646,1,GSE164416;GSE20966;GSE25724;GSE38642,0.04365272428537247
BEST3,3,-0.31297703164717255,0.09491610568320367,-3.2974070037363203,9.758198339088508e-4,0,0,0.6994693896138398,1,GSE164416;GSE20966;GSE38642,0.044098426119347056
CLDN18,4,0.537924321554267,0.1633973992052253,3.2921229112015427,9.943414452047623e-4,0,0,0.890205260446103,1,GSE164416;GSE20966;GSE25724;GSE38642,0.04413399500410001
ROBO2,3,-0.5236575581966115,0.15905261895414688,-3.2923542010180684,9.935239719925963e-4,5.900327090969431e-7,5.674815197988631e-4,0.23039108606831132,1,GSE164416;GSE20966;GSE38642,0.04413399500410001
PHYH,4,-0.3417973744372032,0.10376472257213715,-3.2939650968525065,9.878476402889087e-4,0.014220013387835895,36.965387812437335,0.36526428368680197,1,GSE164416;GSE20966;GSE25724;GSE38642,0.04413399500410001
CYP2C19,3,0.3325854478606683,0.10101798861640696,3.2923388439616095,9.935782308466209e-4,0,0,0.9112135347334971,1,GSE20966;GSE25724;GSE38642,0.04413399500410001
C12ORF76,3,-0.28453091939503505,0.08637202496985248,-3.2942485659488527,9.868518893543503e-4,0.009885156283349517,48.6943911157365,0.027576965701090486,1,GSE164416;GSE20966;GSE38642,0.04413399500410001
WISP1,3,0.2681222598580291,0.08140603322350126,3.293641137406808,9.889867620079423e-4,0,0,0.5509668079711055,1,GSE20966;GSE25724;GSE38642,0.04413399500410001
RNFT2,4,-0.2376206201287525,0.07222048087476876,-3.2902109934824404,0.0010011228362476637,4.839896907094451e-6,0.01711815727207678,0.12252652713489459,0.75,GSE164416;GSE20966;GSE25724;GSE38642,0.04422974562914043
DYNC2LI1,4,-0.19368646359636582,0.058856650785655384,-3.2908169427060114,9.989689712455304e-4,1.3720423185054929e-6,0.0062502040619925705,0.45897545534096423,1,GSE164416;GSE20966;GSE25724;GSE38642,0.04422974562914043
ZAK,3,0.3637760646670931,0.11066232715990806,3.2872620159291737,0.0010116665739670426,3.930573242590266e-6,0.008020997362630178,0.4740445363256346,1,GSE20966;GSE25724;GSE38642,0.044286456659014935
MYH9,4,0.30835999398070546,0.09384266871737543,3.2859252426994447,0.0010164798333762335,0,0,0.4105157679029869,0.75,GSE164416;GSE20966;GSE25724;GSE38642,0.04439556897828161
USP8,4,-0.15400976778718434,0.04688058243798672,-3.2851504776184743,0.0010192791889518755,0,0,0.2372814009437807,1,GSE164416;GSE20966;GSE25724;GSE38642,0.04441642570535166
SPON1,4,0.4434808923928376,0.13535065967825324,3.2765329215760857,0.001050900602403336,0.02096650590834901,26.095585346819995,0.07640134484825253,1,GSE164416;GSE20966;GSE25724;GSE38642,0.04567532249493315
GPR158,3,-0.3301246663916693,0.10078939047249791,-3.2753910391168546,0.0010551580898596543,0,0,0.0010528224358848871,1,GSE164416;GSE20966;GSE38642,0.04567532249493315
CPEB4,3,-0.23136442992205808,0.07063819466530996,-3.2753446066718337,0.0010553315495431495,6.284818386875159e-6,0.03145250482498103,0.40744529357188874,1,GSE164416;GSE20966;GSE38642,0.04567532249493315
EEF1D,4,0.20432021613206044,0.062456501975882775,3.2714002492640004,0.0010701633380759607,0,0,1.4477566575998215e-4,1,GSE164416;GSE20966;GSE25724;GSE38642,0.046108614093227765
S100A6,4,0.37475569481865445,0.11465259937413347,3.268619262575588,0.00108073620437923,0.01096964747233758,19.025207115636693,0.03135110562890926,1,GSE164416;GSE20966;GSE25724;GSE38642,0.046282701077920846
PCSK5,4,0.3672051604980241,0.11255280053418816,3.2625146487268855,0.0011042846547126902,0,0,0.7798226105282782,1,GSE164416;GSE20966;GSE25724;GSE38642,0.04664729758648809
HSF2,4,-0.31036445643516947,0.09515112014692151,-3.261805598882494,0.0011070503452308203,0.012545111495392612,37.06596514501807,0.12592030208140717,1,GSE164416;GSE20966;GSE25724;GSE38642,0.04664729758648809
SATB1,4,0.18637006738666756,0.05710851447492585,3.263437494394912,0.001100694610271775,0,0,2.474372157412632e-4,1,GSE164416;GSE20966;GSE25724;GSE38642,0.04664729758648809
ZNF570,3,-0.25495157607036706,0.07819762499381529,-3.260349353200067,0.0011127506138434674,0,0,0.4714236463815743,1,GSE164416;GSE20966;GSE38642,0.04678443789631985
BEND6,3,-0.3966860649817423,0.12174201481969829,-3.258415474470668,0.001120362463943623,0.009916250699277547,17.495798479671297,0.49053967259951686,1,GSE164416;GSE20966;GSE38642,0.04689832370950002
SLC43A3,4,0.3899611072044008,0.11966974043443336,3.2586442135558835,0.0011194596309742888,0.004339403681338919,4.478479619527139,0.132924592244446,0.75,GSE164416;GSE20966;GSE25724;GSE38642,0.04689832370950002
SLC27A2,4,-0.29957433243362197,0.09202476916618524,-3.2553663013555423,0.0011324620224437009,9.325313185001157e-4,2.1510780191467114,0.026553456853530808,1,GSE164416;GSE20966;GSE25724;GSE38642,0.047198253789429184
CENPQ,4,-0.2060686238493621,0.06329936455798266,-3.2554611770328563,0.00113208372832004,9.227873687193927e-6,0.04528858899454094,0.6257896038098079,1,GSE164416;GSE20966;GSE25724;GSE38642,0.047198253789429184
ADCYAP1,4,-0.79758519519042,0.24516949653868134,-3.253199139578043,0.0011411349479762453,0.09669136902702513,48.29092676721322,0.12087657819521472,1,GSE164416;GSE20966;GSE25724;GSE38642,0.04735338732057608
CXCL12,4,0.5829566530769751,0.17940290704321657,3.24942701701342,0.0011563774710364276,0,0,0.25644417973293243,0.75,GSE164416;GSE20966;GSE25724;GSE38642,0.04739343159547708
SVEP1,4,0.3780206539487345,0.11628741192326808,3.2507444072981038,0.0011510328599896858,0,0,0.7951625924359593,1,GSE164416;GSE20966;GSE25724;GSE38642,0.04739343159547708
SLC30A8,3,-0.3762528202420168,0.11570131196765421,-3.2519321850663467,0.0011462336646296607,0,0,0.005812541000547816,1,GSE164416;GSE20966;GSE38642,0.04739343159547708
CSPP1,3,0.29205264037712125,0.08985617244473969,3.2502234674721944,0.0011531435615382696,0,0,0.6321502866904675,1,GSE164416;GSE20966;GSE25724,0.04739343159547708
DPYSL2,4,-0.2864533463774503,0.08815895011760334,-3.249282642265179,0.001156964587302028,0,0,0.17779184732469147,1,GSE164416;GSE20966;GSE25724;GSE38642,0.04739343159547708
MAP9,4,-0.17096747374792656,0.052652921557112035,-3.2470652851139525,0.0011660163983001762,1.938951278862355e-6,0.012663892733973052,0.5106173187544467,1,GSE164416;GSE20966;GSE25724;GSE38642,0.04766216602453498
PDE7B,4,0.5264389185360084,0.16224761032593188,3.244663619257437,0.001175894405594304,0.05444610180981721,60.39373875394852,0.01073434156227322,1,GSE164416;GSE20966;GSE25724;GSE38642,0.04780169093331455
GRHL2,4,0.38606564647903163,0.11900124757052896,3.244215118418994,0.0011777476278227207,2.6903616047356208e-6,0.0036379266299144085,0.16352709737542023,1,GSE164416;GSE20966;GSE25724;GSE38642,0.04780169093331455
ZNF540,3,-0.2855795170901612,0.08803830614703351,-3.2438097640498955,0.0011794248886839763,0,0,0.8311630895447478,1,GSE164416;GSE20966;GSE38642,0.04780169093331455
FAM117A,4,-0.23101964783831525,0.07126965988052192,-3.2414866048975375,0.001189080221680857,4.258586684230038e-6,0.015565138528058348,0.1804574311330045,1,GSE164416;GSE20966;GSE25724;GSE38642,0.04809113031872049
SLC25A4,4,-0.26522329002318185,0.08187530963581192,-3.2393561771297934,0.001197998680172251,0.007051673086180449,25.407623525403043,0.07362117214630916,1,GSE164416;GSE20966;GSE25724;GSE38642,0.04824782052988456
GBP2,4,0.5199862969019826,0.16074879984366983,3.234775608948096,0.001217383639295738,0,0,5.129797380797629e-4,1,GSE164416;GSE20966;GSE25724;GSE38642,0.0486273387585517
TMEM60,3,-0.27997504679861296,0.08656333689273585,-3.234337501863421,0.0012192528084582668,0,0,0.9930907934394605,1,GSE164416;GSE20966;GSE38642,0.0486273387585517
RBM19,4,0.19018190469524188,0.05881237755474132,3.2337054307696467,0.001221954189827691,0,0,0.7780105752477177,1,GSE164416;GSE20966;GSE25724;GSE38642,0.0486273387585517
C15ORF40,3,-0.17989924016507738,0.05564332681050048,-3.233078438637291,0.001224639325061226,8.797430411415725e-10,6.602641066578805e-6,0.19731533082123637,1,GSE164416;GSE20966;GSE38642,0.0486273387585517
ENPP5,3,-0.3587507405405379,0.11114220222646137,-3.2278534467902102,0.001247228544891655,0.008596508954497362,21.02669813690676,0.4420108105808539,1,GSE164416;GSE20966;GSE38642,0.04909358449336905
HERC3,3,-0.18170316129995842,0.05631433212028246,-3.2265882317818573,0.0012527560107462163,8.401246564563812e-7,0.006615026435514611,0.4342308619808549,1,GSE164416;GSE20966;GSE38642,0.049209902434445826
NFE2L1,4,-0.19081598335854902,0.05921545115863655,-3.2224019174887024,0.001271206801861713,0,0,0.7096066239741928,1,GSE164416;GSE20966;GSE25724;GSE38642,0.04962895126451953
